L_distal,L_fore,L_toInterface,R_distal,R_fore,R_toInterface
-1.990301828686170948e-01,-1.974634736200262530e-01,1.488626314850538491e-04,1.993738289940968911e-01,1.989723798999118165e-01,-6.801222422326662354e-04
-1.972901061170130310e-01,-1.929517612942793225e-01,4.213712490029237773e-04,1.982446474723872365e-01,1.971416248386864967e-01,-1.983688281613314210e-03
-1.949572550643289826e-01,-1.869422446167496588e-01,8.028342046315257996e-04,1.967150950772593998e-01,1.946865264878218649e-01,-3.855036342812759136e-03
-1.921859687751266699e-01,-1.798381513057795700e-01,1.286271825584665374e-03,1.948712774399712633e-01,1.917483675177238944e-01,-6.239736578164118211e-03
-1.891077479452797361e-01,-1.719772378244275868e-01,1.870109258225174324e-03,1.927857373762641158e-01,1.884381782743530798e-01,-9.084847731465102091e-03
-1.858325174734977714e-01,-1.636396270367106720e-01,2.556334145323046515e-03,1.905197101604271526e-01,1.848429574994908953e-01,-1.233917055717884473e-02
-1.824504882867522548e-01,-1.550549516809420492e-01,3.349061346389513825e-03,1.881248739580142493e-01,1.810308645741572908e-01,-1.595347178706770994e-02
-1.790343368290779336e-01,-1.464088817225036865e-01,4.253441625151938195e-03,1.856447420610110310e-01,1.770554595323218794e-01,-1.988066591971478225e-02
-1.756414907220570643e-01,-1.378490755175760807e-01,5.274853079579647913e-03,1.831157976901715279e-01,1.729591020065481544e-01,-2.407595113562771214e-02
-1.723163711569059009e-01,-1.294905777974378613e-01,6.418319865461102544e-03,1.805684400527094169e-01,1.687756324060541990e-01,-2.849690114296078020e-02
-1.690924942491789651e-01,-1.214206826962420660e-01,7.688110298491499482e-03,1.780277882948622936e-01,1.645324565512062964e-01,-3.310351770499006530e-02
-1.659943742942837364e-01,-1.137032814691658067e-01,9.087474261176974044e-03,1.755143750768191346e-01,1.602521448901463030e-01,-3.785824981275305590e-02
-1.630392022637199290e-01,-1.063827185126763053e-01,1.061848722174429244e-02,1.730447515645135714e-01,1.559536435381182473e-01,-4.272598559434377663e-02
-1.602382943499841561e-01,-9.948718368536274559e-02,1.228197466485696047e-02,1.706320191045487822e-01,1.516531794362966090e-01,-4.767402257391478715e-02
-1.575983195613425425e-01,-9.303167263843357959e-02,1.407749622940672289e-02,1.682862986013178297e-01,1.473649275530150571e-01,-5.267202113965837457e-02
-1.551223239422829248e-01,-8.702054943630753436e-02,1.600337336733205149e-02,1.660151458649871403e-01,1.431014951105122612e-01,-5.769194524564999482e-02
-1.528105734375208857e-01,-8.144974708633245797e-02,1.805674797647485730e-02,1.638239194106068108e-01,1.388742666747803944e-01,-6.270799358441651872e-02
-1.506612389679060915e-01,-7.630864180489380089e-02,2.023366235424924747e-02,1.617161060062513034e-01,1.346936446433655288e-01,-6.769652378150563254e-02
-1.486709469264377026e-01,-7.158163611524490100e-02,2.252915309359154045e-02,1.596936084606412620e-01,1.305692120791009658e-01,-7.263597159969499562e-02
-1.468352167723417090e-01,-6.724948441554683132e-02,2.493735331963627469e-02,1.577569995619004239e-01,1.265098387556811144e-01,-7.750676669299269572e-02
-1.451488052363757164e-01,-6.329039268013886277e-02,2.745159904645980836e-02,1.559057456388530660e-01,1.225237464662761733e-01,-8.229124611062306471e-02
-1.436059742219741031e-01,-5.968092164411317041e-02,3.006453650126468535e-02,1.541384028606392065e-01,1.186185458685896504e-01,-8.697356649398291228e-02
-1.422006970385547020e-01,-5.639672032110771421e-02,3.276822808695231681e-02,1.524527890881101078e-01,1.148012541928451202e-01,-9.153961571844572431e-02
-1.409268152855945588e-01,-5.341311413605986241e-02,3.555425528787298922e-02,1.508461338238592797e-01,1.110783008481047857e-01,-9.597692459147239008e-02
-1.397781566024783040e-01,-5.070556940921527866e-02,3.841381730994325450e-02,1.493152085673210561e-01,1.074555261835971609e-01,-1.002745791120349950e-01
-1.387486216473708400e-01,-4.825005347109460885e-02,4.133782461765322935e-02,1.478564396621012134e-01,1.039381772808826293e-01,-1.044231337161717621e-01
-1.378322470762075591e-01,-4.602330736612316592e-02,4.431698681574830490e-02,1.464660055219802470e-01,1.005309035798661876e-01,-1.084145258686128876e-01
-1.370232499495400158e-01,-4.400304594431846822e-02,4.734189453918994511e-02,1.451399199384045269e-01,9.723775430753726912e-02,-1.122419923085331006e-01
-1.363160578791741684e-01,-4.216809816206517486e-02,5.040309517989342847e-02,1.438741030048148184e-01,9.406217902959533583e-02,-1.158999872114367252e-01
-1.357053283120804310e-01,-4.049849862087041841e-02,5.349116240299642971e-02,1.426644410410322084e-01,9.100703214129396423e-02,-1.193841024902313475e-01
-1.351859531621458499e-01,-3.897588438030912678e-02,5.659693488384103660e-02,1.415067793922732964e-01,8.807501471894067790e-02,-1.226911766536315229e-01
-1.347530687012115092e-01,-3.758321338351805485e-02,5.971144482947295801e-02,1.403970168204871638e-01,8.526828418579897317e-02,-1.258190777862460419e-01
-1.344020572214511544e-01,-3.630470177841920582e-02,6.282594212781991705e-02,1.393311492282141018e-01,8.258839930220158998e-02,-1.287666016489439902e-01
-1.341267972418039023e-01,-3.512691985428138819e-02,6.593188296304219875e-02,1.383052622493016470e-01,8.003595381123154717e-02,-1.315334251014718681e-01
-1.339231826756741017e-01,-3.403652209274146689e-02,6.902108734933447287e-02,1.373156186510523791e-01,7.761137179495324057e-02,-1.341199878924049238e-01
-1.337873345725297258e-01,-3.302131196823610004e-02,7.208570801574809561e-02,1.363586433953331845e-01,7.531456370002252709e-02,-1.365274496306726204e-01
-1.337155936441602744e-01,-3.207018646480456342e-02,7.511825821247285206e-02,1.354309351175113640e-01,7.314496017374209902e-02,-1.387576264229906653e-01
-1.337045119224665735e-01,-3.117307605487316946e-02,7.811163491938721837e-02,1.345292736599461303e-01,7.110154795375560333e-02,-1.408129304090989797e-01
-1.337508438634099073e-01,-3.032088213318191033e-02,8.105913773914558140e-02,1.336506242213498785e-01,6.918290726971815241e-02,-1.426963121864297523e-01
-1.338515371354828953e-01,-2.950541347773141115e-02,8.395448375759030635e-02,1.327921386285743632e-01,6.738725021851828256e-02,-1.444112060993555657e-01
-1.340037258930104891e-01,-2.871921080091066614e-02,8.679176252136575065e-02,1.319511677089568458e-01,6.571233026093557805e-02,-1.459614201802842404e-01
-1.342047203842582914e-01,-2.795552601550750638e-02,8.956545614725286431e-02,1.311252529749181162e-01,6.415553489508332707e-02,-1.473511016499527426e-01
-1.344519956130593163e-01,-2.720834856891487380e-02,9.227048195941835174e-02,1.303121116879298880e-01,6.271402574587479906e-02,-1.485847310640976138e-01
-1.347431822993877537e-01,-2.647234759397884898e-02,9.490219543771429012e-02,1.295096306095273875e-01,6.138477400516484384e-02,-1.496670798687262660e-01
-1.350760580847340797e-01,-2.574281663686743202e-02,9.745639042656545348e-02,1.287158587928471654e-01,6.016459477892053404e-02,-1.506031704615424238e-01
-1.354485390248313104e-01,-2.501562119396295164e-02,9.992929684457199646e-02,1.279289996618629688e-01,5.905018001099111846e-02,-1.513982386757858623e-01
-1.358586714004107465e-01,-2.428714918697522790e-02,1.023175761258180855e-01,1.271474025955389719e-01,5.803812971049816805e-02,-1.520576986001478392e-01
-1.363046238673381316e-01,-2.355426442568276171e-02,1.046183146136174802e-01,1.263695542062873434e-01,5.712498126516016989e-02,-1.525871096466541732e-01
-1.367846801432314741e-01,-2.281429231573091354e-02,1.068290291601309144e-01,1.255940654735216711e-01,5.630726071504125324e-02,-1.529921571819175263e-01
-1.372972327130466408e-01,-2.206522151311508459e-02,1.089477752638534913e-01,1.248196300467314113e-01,5.558170619578772786e-02,-1.532787198949296104e-01
-1.378407713683909019e-01,-2.130538012287716554e-02,1.109730183008439675e-01,1.240450543330895994e-01,5.494506031821525666e-02,-1.534527497140553420e-01
-1.384138774377944581e-01,-2.053340059495809347e-02,1.129036191642876358e-01,1.232692490893611964e-01,5.439408959808391536e-02,-1.535202456051877051e-01
-1.390152183015435639e-01,-1.974818719908682380e-02,1.147388187911503182e-01,1.224912212598101013e-01,5.392560177950684458e-02,-1.534872291597245419e-01
-1.396435421926124076e-01,-1.894888595082835567e-02,1.164782217461512170e-01,1.217100661299228836e-01,5.353646106996554077e-02,-1.533597219038139170e-01
-1.402976732819269656e-01,-1.813485685771447017e-02,1.181217790236913923e-01,1.209249598499771428e-01,5.322360133224710022e-02,-1.531437242614459293e-01
-1.409761332407427903e-01,-1.730432826429444820e-02,1.196688410915033862e-01,1.201364587109545051e-01,5.298089280107801807e-02,-1.528442411543694535e-01
-1.416778477537443959e-01,-1.645692028551566655e-02,1.211197854342067476e-01,1.193439598651681310e-01,5.280532153963775344e-02,-1.524669797821317785e-01
-1.424018308850621972e-01,-1.559248638985670336e-02,1.224753363279975082e-01,1.185468352623496313e-01,5.269417227536230680e-02,-1.520176307364077273e-01
-1.431471574999859386e-01,-1.471100763217423821e-02,1.237364958555848132e-01,1.177445116314997653e-01,5.264482409508319805e-02,-1.515017996976568970e-01
-1.439129594171955351e-01,-1.381257421323622142e-02,1.249045252775662918e-01,1.169364653792246689e-01,5.265475603360035561e-02,-1.509249938948968306e-01
-1.446984218208487438e-01,-1.289736869299301994e-02,1.259809263451234229e-01,1.161222179121340903e-01,5.272155106564050536e-02,-1.502926098174659220e-01
-1.455027799171464964e-01,-1.196565074302129161e-02,1.269674226519418025e-01,1.153013313725348016e-01,5.284289866234766903e-02,-1.496099221231959042e-01
-1.463253158200721049e-01,-1.101774333156389438e-02,1.278659411150140091e-01,1.144734047720576964e-01,5.301659606883087766e-02,-1.488820736891866003e-01
-1.471653556512329819e-01,-1.005402024202574178e-02,1.286785936662329932e-01,1.136380705042556311e-01,5.324054845353778237e-02,-1.481140667524545318e-01
-1.480222668390995810e-01,-9.074894832627506888e-03,1.294076592290763772e-01,1.127949912145032874e-01,5.351276807349514969e-02,-1.473107550894819096e-01
-1.488954556034121912e-01,-8.080809951165494887e-03,1.300555660475642972e-01,1.119438570036256908e-01,5.383137259193125634e-02,-1.464768371849364537e-01
-1.497843646110927907e-01,-7.072228924485581686e-03,1.306248744274048634e-01,1.110843829404830341e-01,5.419458267664251094e-02,-1.456168503408769022e-01
-1.506884707906343823e-01,-6.049627547401029148e-03,1.311182599428960260e-01,1.102163068581498012e-01,5.460071899886937558e-02,-1.447351656796742325e-01
-1.516072832926284031e-01,-5.013487000391435647e-03,1.315384971563605676e-01,1.093393874082645711e-01,5.504819874352574055e-02,-1.438359839940811513e-01
-1.525403415848115285e-01,-3.964287629585790985e-03,1.318884438912073243e-01,1.084534023484970827e-01,5.553553173258798242e-02,-1.429233324000173111e-01
-1.534872136707581547e-01,-2.902503526283597285e-03,1.321710260936121983e-01,1.075581470388155547e-01,5.606131625436533428e-02,-1.420010617484169790e-01
-1.544474944220947943e-01,-1.828597846675001325e-03,1.323892233123146744e-01,1.066534331232584787e-01,5.662423468239605184e-02,-1.410728447532844931e-01
-1.554208040148614134e-01,-7.430188155329680005e-04,1.325460548211661593e-01,1.057390873751569982e-01,5.722304895894032850e-02,-1.401421747949266050e-01
-1.564067864613814807e-01,3.538036395016204688e-04,1.326445664038603534e-01,1.048149506851621809e-01,5.785659600953902554e-02,-1.392123653579059595e-01
-1.574051082297188431e-01,1.461460673779462057e-03,1.326878178157190336e-01,1.038808771729473196e-01,5.852378314696708717e-02,-1.382865500645425461e-01
-1.584154593410707634e-01,2.579648159887769181e-03,1.326788311166369472e-01,1.029367407335328582e-01,5.922349558253178770e-02,-1.373676427479711692e-01
-1.594375501227323355e-01,3.708103523769506853e-03,1.326206052587042827e-01,1.019824293352200317e-01,5.995466441475805902e-02,-1.364583657101175185e-01
-1.604711095417452049e-01,4.846590374519452356e-03,1.325161126879951801e-01,1.010178429376535209e-01,6.071628034138929625e-02,-1.355612586820178211e-01
-1.615158841051682892e-01,5.994898917402385202e-03,1.323682899958035508e-01,1.000428927646260374e-01,6.150738952254596742e-02,-1.346786812650777876e-01
-1.625716368173756587e-01,7.152846048935742641e-03,1.321800292909980634e-01,9.905750064831359003e-02,6.232708962871807284e-02,-1.338128158053293326e-01
-1.636381461902714218e-01,8.320275169552535446e-03,1.319541702828388174e-01,9.806159843264138087e-02,6.317452608967047412e-02,-1.329656706653601639e-01
-1.647152053027869378e-01,9.497055747619997934e-03,1.316934930610775822e-01,9.705512742518340730e-02,6.404888855593306174e-02,-1.321390838597537032e-01
-1.658026209064562551e-01,1.068308266681783185e-02,1.314007115578793017e-01,9.603803788856409007e-02,6.494940758057105024e-02,-1.313347270208946593e-01
-1.669002125742511666e-01,1.187827538708188628e-02,1.310784676741535426e-01,9.501028856375640097e-02,6.587535152538172289e-02,-1.305541096634242337e-01
-1.680078118902013362e-01,1.308257694750215513e-02,1.307293260510644928e-01,9.397184621896018109e-02,6.682602369252492458e-02,-1.297985837163615208e-01
-1.691252616776274531e-01,1.429595283773655613e-02,1.303557694659871202e-01,9.292268521889661403e-02,6.780075967986258501e-02,-1.290693482933606695e-01
-1.702524152640812471e-01,1.551838976267389328e-02,1.299601948308623245e-01,9.186278711037867972e-02,6.879892495592750123e-02,-1.283674546726568666e-01
-1.713891357813155936e-01,1.674989432325703700e-02,1.295449097697662089e-01,9.079214022091633418e-02,6.981991264844288059e-02,-1.276938114591836815e-01
-1.725352954988058352e-01,1.799049163457033113e-02,1.291121297516838184e-01,8.971073926789660535e-02,7.086314153865780341e-02,-1.270491899027297866e-01
-1.736907751895097052e-01,1.924022390051715117e-02,1.286639757536380546e-01,8.861858497655125677e-02,7.192805425241112494e-02,-1.264342293469570833e-01
-1.748554635266936219e-01,2.049914896266458522e-02,1.282024724288957640e-01,8.751568370549589471e-02,7.301411563777052138e-02,-1.258494427852081265e-01
-1.760292565107674234e-01,2.176733883913025205e-02,1.277295467544610486e-01,8.640204707910253967e-02,7.412081131828816838e-02,-1.252952225001858766e-01
-1.772120569251626199e-01,2.304487826773145981e-02,1.272470271318817403e-01,8.527769162636152089e-02,7.524764641034140111e-02,-1.247718457656205315e-01
-1.784037738203614887e-01,2.433186326601933028e-02,1.267566429153587360e-01,8.414263842620633982e-02,7.639414439266348222e-02,-1.242794805891434401e-01
-1.796043220252407924e-01,2.562839971929017219e-02,1.262600243410305634e-01,8.299691275952558733e-02,7.755984611599094081e-02,-1.238181914765948965e-01
-1.808136216849338673e-01,2.693460200620192979e-02,1.257587028314527122e-01,8.184054376827547272e-02,7.874430894073895792e-02,-1.233879451990810838e-01
-1.820315978244429478e-01,2.825059167023221893e-02,1.252541116497593032e-01,8.067356412224439832e-02,7.994710599074235369e-02,-1.229886165451079399e-01
-1.832581799372510478e-01,2.957649614390806675e-02,1.247475868779584773e-01,7.949600969411241280e-02,8.116782551134599233e-02,-1.226199940411191319e-01
-1.844933015981907176e-01,3.091244753150356947e-02,1.242403686945796892e-01,7.830791924350143096e-02,8.240607032047811420e-02,-1.222817856247821883e-01
-1.857369000998288777e-01,3.225858145475753169e-02,1.237336029271969146e-01,7.710933411073142563e-02,8.366145734177396487e-02,-1.219736242563436851e-01
-1.869889161116231879e-01,3.361503596510208997e-02,1.232283428559552557e-01,7.590029792098985928e-02,8.493361720932050829e-02,-1.216950734543346541e-01
-1.882492933610975250e-01,3.498195052491618467e-02,1.227255512449112324e-01,7.468085629959100857e-02,8.622219393415048172e-02,-1.214456327428743432e-01
-1.895179783362742065e-01,3.635946505942889984e-02,1.222261025785850164e-01,7.345105659895295735e-02,8.752684462321302927e-02,-1.212247429987373809e-01
-1.907949200085893027e-01,3.774771908008966309e-02,1.217307854820038338e-01,7.221094763785716741e-02,8.884723924217600988e-02,-1.210317916872482996e-01
-1.920800695755056076e-01,3.914685087950183634e-02,1.212403053030570443e-01,7.096057945348194229e-02,9.018306041406246032e-02,-1.208661179770082750e-01
-1.933733802220269915e-01,4.055699679737140989e-02,1.207552868369658472e-01,6.970000306662020584e-02,9.153400324638014118e-02,-1.207270177243310733e-01
-1.946748069003081116e-01,4.197829055635957790e-02,1.202762771734180863e-01,6.842927026040623861e-02,9.289977518005898549e-02,-1.206137483190283799e-01
-1.959843061265456876e-01,4.341086266623811474e-02,1.198037486477409597e-01,6.714843337278793289e-02,9.428009585416406713e-02,-1.205255333841692422e-01
-1.973018357943328582e-01,4.485483989432838964e-02,1.193381018783425118e-01,6.585754510289247576e-02,9.567469698098861330e-02,-1.204615673231723000e-01
-1.986273550036552760e-01,4.631034479985375596e-02,1.188796688735839491e-01,6.455665833134628662e-02,9.708332222675293555e-02,-1.204210197083436240e-01
-1.999608239047086511e-01,4.777749532954873174e-02,1.184287161919803377e-01,6.324582595452518663e-02,9.850572709373280056e-02,-1.204030395058367092e-01
-2.013022035557216483e-01,4.925640447163816271e-02,1.179854481406275163e-01,6.192510073263014087e-02,9.994167880021370687e-02,-1.204067591327177833e-01
-2.026514557939750605e-01,5.074717996512694007e-02,1.175500099975259893e-01,6.059453515140772462e-02,1.013909561552099325e-01,-1.204312983425215172e-01
-2.040085431192188992e-01,5.224992406121544558e-02,1.171224912443740024e-01,5.925418129726377908e-02,1.028533494253994623e-01,-1.204757679364098916e-01
-2.053734285887032218e-01,5.376473333357701528e-02,1.167029287972442958e-01,5.790409074545382895e-02,1.043286601922049778e-01,-1.205392732977314113e-01
-2.067460757230549506e-01,5.529169853419500791e-02,1.162913102233898432e-01,5.654431446097545749e-02,1.058167011973953214e-01,-1.206209177483898304e-01
-2.081264484222530575e-01,5.683090449145480894e-02,1.158875769332527311e-01,5.517490271173568217e-02,1.073172961759920330e-01,-1.207198057260842755e-01
-2.095145108909766962e-01,5.838243004721498791e-02,1.154916273375568153e-01,5.379590499352094463e-02,1.088302796756405871e-01,-1.208350457820920737e-01
-2.109102275726255082e-01,5.994634802963888509e-02,1.151033199601519813e-01,5.240736996625850602e-02,1.103554968619447213e-01,-1.209657533997794132e-01
-2.123135630913382255e-01,6.152272525864795061e-02,1.147224764980513817e-01,5.100934540102557840e-02,1.118928033095686614e-01,-1.211110536346173133e-01
-2.137244822013641687e-01,6.311162258095817656e-02,1.143488848208459308e-01,4.960187813723648809e-02,1.134420647791830467e-01,-1.212700835769821850e-01
-2.151429497431717741e-01,6.471309493177702932e-02,1.139823019024105155e-01,4.818501404941819000e-02,1.150031569805692183e-01,-1.214419946394741379e-01
-2.165689306057096419e-01,6.632719142036661020e-02,1.136224566785255935e-01,4.675879802297014387e-02,1.165759653224045927e-01,-1.216259546710058842e-01
-2.180023896942671069e-01,6.795395543681807815e-02,1.132690528246855649e-01,4.532327393829607698e-02,1.181603846494280741e-01,-1.218211499002471720e-01
-2.194432919034132734e-01,6.959342477752634981e-02,1.129217714490801799e-01,4.387848466269114733e-02,1.197563189678348822e-01,-1.220267867115221588e-01
-2.208916020945262404e-01,7.124563178700532573e-02,1.125802736962882716e-01,4.242447204936967975e-02,1.213636811598711451e-01,-1.222420932565167623e-01
-2.223472850774558252e-01,7.291060351383414628e-02,1.122442032578977872e-01,4.096127694302368477e-02,1.229823926886964569e-01,-1.224663209055791291e-01
-2.238103055958954868e-01,7.458836187867813605e-02,1.119131887867796521e-01,3.948893919131212654e-02,1.246123832946561538e-01,-1.226987455426591239e-01
-2.252806304099755907e-01,7.627891571007544558e-02,1.115868489185812829e-01,3.800749756034281501e-02,1.262535881844241981e-01,-1.229386677388110694e-01
-2.267582216056447109e-01,7.798228711304906746e-02,1.112647862416143718e-01,3.651699007782792383e-02,1.279059556786704688e-01,-1.231854166832474506e-01
-2.282430437303254178e-01,7.969848343799261492e-02,1.109465977662446728e-01,3.501745371782966770e-02,1.295694383904100744e-01,-1.234383480773949826e-01
-2.297350612287901717e-01,8.142750770736073562e-02,1.106318741145843054e-01,3.350892455131904146e-02,1.312439959424945013e-01,-1.236968458422709194e-01
-2.312342384427072961e-01,8.316935881210971160e-02,1.103202014225101862e-01,3.199143777886881423e-02,1.329295946381038040e-01,-1.239603227015921849e-01
-2.327405396118594205e-01,8.492403171176678145e-02,1.100111631366146731e-01,3.046502776604334550e-02,1.346262071301259633e-01,-1.242282206379012460e-01
-2.342539288768185346e-01,8.669151763689783574e-02,1.097043417061390053e-01,2.892972808102887983e-02,1.363338120905714657e-01,-1.245000112271553994e-01
-2.357743702828824228e-01,8.847180429287010428e-02,1.093993201703397783e-01,2.738557153407495184e-02,1.380523938811269169e-01,-1.247751958574016412e-01
-2.373018277850978131e-01,9.026487606392492868e-02,1.090956836420680920e-01,2.583259021834502511e-02,1.397819422258993749e-01,-1.250533058371542661e-01
-2.388362652542131426e-01,9.207071421668333588e-02,1.087930206886595086e-01,2.427081555180224046e-02,1.415224518873450243e-01,-1.253339023992243173e-01
-2.403776464834218030e-01,9.388929710230539682e-02,1.084909246115641351e-01,2.270027831978434218e-02,1.432739223463121436e-01,-1.256165766057202315e-01
-2.419259351957714077e-01,9.572060035661485167e-02,1.081889946263724089e-01,2.112100871794944656e-02,1.450363574870618122e-01,-1.259009491600059927e-01
-2.434810950521294204e-01,9.756459709758101562e-02,1.078868369451934928e-01,1.953303639530196492e-02,1.468097652880595017e-01,-1.261866701313361372e-01
-2.450430896596079988e-01,9.942125811962379545e-02,1.075840657635500214e-01,1.793639049703478136e-02,1.485941575192607500e-01,-1.264734185979205505e-01
-2.466118825803625680e-01,1.012905520842737189e-01,1.072803041541511571e-01,1.633109970694997595e-02,1.503895494465414817e-01,-1.267609022140837038e-01
-2.481874373406889323e-01,1.031724457067780543e-01,1.069751848701264302e-01,1.471719228924571465e-02,1.521959595438526214e-01,-1.270488567071351160e-01
-2.497697174403525899e-01,1.050669039382971653e-01,1.066683510604428398e-01,1.309469612948114224e-02,1.540134092136080934e-01,-1.273370453095110100e-01
-2.513586863620924094e-01,1.069738901433825717e-01,1.063594569003972617e-01,1.146363877455436331e-02,1.558419225157465227e-01,-1.276252581316265899e-01
-2.529543075812474839e-01,1.088933662724707874e-01,1.060481681401786030e-01,9.824047471550554494e-03,1.576815259058400032e-01,-1.279133114807964045e-01
-2.545565445754620626e-01,1.108252930291638294e-01,1.057341625746371638e-01,8.175949205338045242e-03,1.595322479825590223e-01,-1.282010471314447564e-01
-2.561653608344289790e-01,1.127696300321015949e-01,1.054171304374714319e-01,6.519370734809596009e-03,1.613941192447419792e-01,-1.284883315517239832e-01
-2.577807198696359658e-01,1.147263359712608621e-01,1.050967747231213445e-01,4.854338627684270588e-03,1.632671718582590359e-01,-1.287750550915011949e-01
-2.594025852240837149e-01,1.166953687585419869e-01,1.047728114397258464e-01,3.180879293802105212e-03,1.651514394328059132e-01,-1.290611311365338354e-01
-2.610309204819469264e-01,1.186766856725289393e-01,1.044449697965450924e-01,1.499019016859204877e-03,1.670469568087121770e-01,-1.293464952335044438e-01
-2.626656892781529806e-01,1.206702434973292992e-01,1.041129923292655329e-01,-1.912160154549007261e-04,1.689537598538013996e-01,-1.296311041904129324e-01
-2.643068553078546379e-01,1.226759986554207538e-01,1.037766349666408572e-01,-1.889799682942971222e-03,1.708718852702968694e-01,-1.299149351566604715e-01
-2.659543823357750081e-01,1.246939073344480037e-01,1.034356670419114416e-01,-3.596705906022565520e-03,1.728013704117270510e-01,-1.301979846869899538e-01
-2.676082342054046381e-01,1.267239256079306098e-01,1.030898712524475347e-01,-5.311908620488635033e-03,1.747422531097487242e-01,-1.304802677932613564e-01
-2.692683748480320105e-01,1.287660095498575907e-01,1.027390435710189842e-01,-7.035381753910267821e-03,1.766945715107733350e-01,-1.307618169878641268e-01
-2.709347682915893007e-01,1.308201153431583219e-01,1.023829931120934650e-01,-8.767099203647463895e-03,1.786583639222531217e-01,-1.310426813223814491e-01
-2.726073786692964074e-01,1.328861993820530940e-01,1.020215419564898807e-01,-1.050703481646671905e-02,1.806336686684578974e-01,-1.313229254249377309e-01
-2.742861702280872671e-01,1.349642183682992769e-01,1.016545249376867577e-01,-1.225516236972801383e-02,1.826205239555510895e-01,-1.316026285394702455e-01
-2.759711073368025236e-01,1.370541294013612743e-01,1.012817893930145624e-01,-1.401145555411054296e-02,1.846189677457539535e-01,-1.318818835699756831e-01
-2.776621544941338948e-01,1.391558900625442796e-01,1.009031948828831848e-01,-1.577588795784011511e-02,1.866290376403705875e-01,-1.321607961326066172e-01
-2.793592763363059173e-01,1.412694584931432906e-01,1.005186128811396962e-01,-1.754843305237744483e-02,1.886507707714321913e-01,-1.324394836182868074e-01
-2.810624376444813555e-01,1.433947934666698343e-01,1.001279264395522339e-01,-1.932906417952354183e-02,1.906842037017074665e-01,-1.327180742683431169e-01
-2.827716033518771765e-01,1.455318544552300919e-01,9.973102982932903482e-02,-2.111775453989616150e-02,1.927293723328172281e-01,-1.329967062654710264e-01
-2.844867385505790436e-01,1.476806016901384133e-01,9.932782816249736968e-02,-2.291447718272930298e-02,1.947863118211833333e-01,-1.332755268421554340e-01
-2.862078084980427262e-01,1.498409962168604226e-01,9.891823699585776397e-02,-2.471920499694653384e-02,1.968550565015370624e-01,-1.335546914084991543e-01
-2.879347786232713813e-01,1.520129999443907420e-01,9.850218192012770435e-02,-2.653191070345802677e-02,1.989356398177084817e-01,-1.338343627012427428e-01
-2.896676145326593232e-01,1.541965756891791328e-01,9.807959813678464311e-02,-2.835256684863064411e-02,2.010280942604156240e-01,-1.341147099555814459e-01
-2.914062820154930677e-01,1.563916872137292025e-01,9.765043002501036518e-02,-3.018114579888026006e-02,2.031324513117716002e-01,-1.343959081012155443e-01
-2.931507470491016565e-01,1.585982992600022956e-01,9.721463070102227821e-02,-3.201761973633557301e-02,2.052487413962280072e-01,-1.346781369839230302e-01
-2.949009758036496009e-01,1.608163775777684268e-01,9.677216157196845414e-02,-3.386196065552300044e-02,2.073769938376739397e-01,-1.349615806137708374e-01
-2.966569346465664503e-01,1.630458889480540519e-01,9.632299188644335985e-02,-3.571414036102275869e-02,2.095172368224120785e-01,-1.352464264409371231e-01
-2.984185901466083757e-01,1.652868012018441912e-01,9.586709828357170560e-02,-3.757413046604685808e-02,2.116694973677362146e-01,-1.355328646599755493e-01
-3.001859090775484407e-01,1.675390832342041059e-01,9.540446434248747720e-02,-3.944190239189059727e-02,2.138338012958377610e-01,-1.358210875432036557e-01
-3.019588584214932259e-01,1.698027050139921112e-01,9.493508013392376599e-02,-4.131742736820991774e-02,2.160101732127727159e-01,-1.361112888037628865e-01
-3.037374053718245315e-01,1.720776375893411647e-01,9.445894177550975823e-02,-4.320067643407801694e-02,2.181986364922250121e-01,-1.364036629887760976e-01
-3.055215173357671010e-01,1.743638530890925797e-01,9.397605099226155612e-02,-4.509162043977553436e-02,2.203992132638066814e-01,-1.366984049028923676e-01
-3.073111619365828662e-01,1.766613247203699388e-01,9.348641468363763640e-02,-4.699023004926967950e-02,2.226119244056405655e-01,-1.369957090624110696e-01
-3.091063070153952652e-01,1.789700267624852736e-01,9.299004449842182551e-02,-4.889647574333872565e-02,2.248367895409758288e-01,-1.372957691800448798e-01
-3.109069206326469659e-01,1.812899345573731058e-01,9.248695641858582783e-02,-5.081032782329924363e-02,2.270738270385926627e-01,-1.375987776802903295e-01
-3.127129710691965991e-01,1.836210244967507177e-01,9.197717035317837242e-02,-5.273175641529456031e-02,2.293230540167574549e-01,-1.379049252452712315e-01
-3.145244268270600552e-01,1.859632740062049372e-01,9.146070974318269708e-02,-5.466073147510387698e-02,2.315844863504954443e-01,-1.382144003908223340e-01
-3.163412566298044459e-01,1.883166615264066923e-01,9.093760117818461275e-02,-5.659722279343261386e-02,2.338581386819536534e-01,-1.385273890725081392e-01
-3.181634294226026172e-01,1.906811664916556182e-01,9.040787402559560815e-02,-5.854120000164529658e-02,2.361440244336324712e-01,-1.388440743211729611e-01
-3.199909143719577020e-01,1.930567693059563605e-01,8.987156007307883776e-02,-6.049263257790350734e-02,2.384421558242698080e-01,-1.391646359075544570e-01
-3.218236808651083192e-01,1.954434513168274989e-01,8.932869318473531106e-02,-6.245148985367218741e-02,2.407525438871678802e-01,-1.394892500354204534e-01
-3.236616985091250731e-01,1.978411947870424847e-01,8.877930897152011558e-02,-6.441774102055859708e-02,2.430751984907579266e-01,-1.398180890626225803e-01
-3.255049371297106808e-01,2.002499828644995206e-01,8.822344447627529507e-02,-6.639135513744912065e-02,2.454101283612046547e-01,-1.401513212494132354e-01
-3.273533667697161587e-01,2.026697995504145866e-01,8.766113787368398635e-02,-6.837230113790995767e-02,2.477573411068571541e-01,-1.404891105333025136e-01
-3.292069576873867809e-01,2.051006296660282668e-01,8.709242818537438202e-02,-7.036054783781872657e-02,2.501168432443595657e-01,-1.408316163297005652e-01
-3.310656803543507443e-01,2.075424588180130592e-01,8.651735501032770115e-02,-7.235606394319478440e-02,2.524886402262401242e-01,-1.411789933575385292e-01
-3.329295054533658593e-01,2.099952733627631352e-01,8.593595827068048476e-02,-7.435881805819692658e-02,2.548727364698031850e-01,-1.415313914890279079e-01
-3.347984038758381464e-01,2.124590603697434077e-01,8.534827797294143592e-02,-7.636877869325824075e-02,2.572691353871551234e-01,-1.418889556226888837e-01
-3.366723467191277130e-01,2.149338075840693807e-01,8.475435398458429359e-02,-7.838591427332845807e-02,2.596778394161999293e-01,-1.422518255787440788e-01
-3.385513052836567338e-01,2.174195033884832595e-01,8.415422582592088641e-02,-8.041019314619518576e-02,2.620988500524472631e-01,-1.426201360159577158e-01
-3.404352510698351320e-01,2.199161367648854171e-01,8.354793247710706749e-02,-8.244158359085641818e-02,2.645321678814812061e-01,-1.429940163689784050e-01
-3.423241557748191721e-01,2.224236972555735936e-01,8.293551220008311964e-02,-8.448005382591747270e-02,2.669777926119439315e-01,-1.433735908052261865e-01
-3.442179912891183413e-01,2.249421749243357693e-01,8.231700237520589436e-02,-8.652557201798651010e-02,2.694357231088944094e-01,-1.437589782003639294e-01
-3.461167296930656168e-01,2.274715603175347656e-01,8.169243935228755193e-02,-8.857810629004377045e-02,2.719059574274090285e-01,-1.441502921313753960e-01
-3.480203432531665531e-01,2.300118444253159700e-01,8.106185831571932621e-02,-9.063762472976058526e-02,2.743884928462962947e-01,-1.445476408862730877e-01
-3.499288044183415658e-01,2.325630186430618362e-01,8.042529316332450162e-02,-9.270409539774530916e-02,2.768833259018040338e-01,-1.449511274894652035e-01
-3.518420858160765663e-01,2.351250747332090663e-01,7.978277639855026193e-02,-9.477748633569424430e-02,2.793904524212043050e-01,-1.453608497418024115e-01
-3.537601602484956032e-01,2.376980047875370816e-01,7.913433903558815541e-02,-9.685776557442669910e-02,2.819098675561467759e-01,-1.457769002743441733e-01
-3.556830006883699991e-01,2.402818011900284545e-01,7.848001051698050290e-02,-9.894490114178436380e-02,2.844415658156772553e-01,-1.461993666148833082e-01
-3.576105802750769724e-01,2.428764565803943898e-01,7.781981864325623888e-02,-1.010388610703764067e-01,2.869855410988253475e-01,-1.466283312662876870e-01
-3.595428723105209556e-01,2.454819638183508013e-01,7.715378951411767938e-02,-1.031396134051525276e-01,2.895417867266703027e-01,-1.470638717957247765e-01
-3.614798502550298220e-01,2.480983159487228362e-01,7.648194748068683213e-02,-1.052471262107874950e-01,2.921102954738004631e-01,-1.475060609338589568e-01
-3.634214877232383456e-01,2.507255061674484309e-01,7.580431510830594466e-02,-1.073613675788618049e-01,2.946910595990887005e-01,-1.479549666831227184e-01
-3.653677584799700506e-01,2.533635277885439296e-01,7.512091314938111608e-02,-1.094823056348241952e-01,2.972840708757107375e-01,-1.484106524341891609e-01
-3.673186364361278322e-01,2.560123742120880008e-01,7.443176052574755619e-02,-1.116099085447228023e-01,2.998893206203412376e-01,-1.488731770897931128e-01
-3.692740956446043388e-01,2.586720388932727821e-01,7.373687432003293851e-02,-1.137441445216930552e-01,3.025067997214664905e-01,-1.493425951950715092e-01
-3.712341102962207762e-01,2.613425153125645828e-01,7.303626977549104726e-02,-1.158849818321913833e-01,3.051364986667601809e-01,-1.498189570736198906e-01
-3.731986547157036815e-01,2.640237969470099477e-01,7.232996030378158192e-02,-1.180323888019650519e-01,3.077784075694731114e-01,-1.503023089684888403e-01
-3.751677033577074938e-01,2.667158772427166702e-01,7.161795750017077578e-02,-1.201863338217494942e-01,3.104325161937945832e-01,-1.507926931873706800e-01
-3.771412308028908034e-01,2.694187495885326800e-01,7.090027116563336895e-02,-1.223467853526856580e-01,3.130988139791475722e-01,-1.512901482512549189e-01
-3.791192117540529427e-01,2.721324072909409031e-01,7.017690933534032061e-02,-1.245137119314509572e-01,3.157772900633865065e-01,-1.517947090458621195e-01
-3.811016210323375231e-01,2.748568435501819174e-01,6.944787831302688674e-02,-1.266870821750985809e-01,3.184679333048706096e-01,-1.523064069751936811e-01
-3.830884335735084134e-01,2.775920514376114534e-01,6.871318271074250417e-02,-1.288668647856008320e-01,3.211707323033914929e-01,-1.528252701165667415e-01
-3.850796244243032129e-01,2.803380238742938513e-01,6.797282549349391301e-02,-1.310530285540932594e-01,3.238856754199389010e-01,-1.533513233765331218e-01
-3.870751687388686024e-01,2.830947536108297524e-01,6.722680802830621749e-02,-1.332455423648175319e-01,3.266127507952921727e-01,-1.538845886471137958e-01
-3.890750417752815160e-01,2.858622332084097550e-01,6.647513013723728437e-02,-1.354443751987615407e-01,3.293519463674311476e-01,-1.544250849618104271e-01
-3.910792188921594081e-01,2.886404550210830977e-01,6.571779015389545009e-02,-1.376494961369967851e-01,3.321032498877635186e-01,-1.549728286508861297e-01
-3.930876771623658117e-01,2.914294220124827306e-01,6.495478046082085732e-02,-1.398608728282541014e-01,3.348666409753571216e-01,-1.555278297437049928e-01
-3.951003946324203042e-01,2.942291420673399105e-01,6.418608922380926451e-02,-1.420784722679195589e-01,3.376420951539114701e-01,-1.560900934537389484e-01
-3.971173495626922900e-01,2.970396226873465717e-01,6.341170234670348571e-02,-1.443022615438097345e-01,3.404295877060822817e-01,-1.566596218711598376e-01
-3.991385204105529216e-01,2.998608709925604798e-01,6.263160356647977378e-02,-1.465322078438831277e-01,3.432290937133079534e-01,-1.572364141353046474e-01
-4.011638858153526166e-01,3.026928937208441805e-01,6.184577455165693460e-02,-1.487682784630368626e-01,3.460405880913498544e-01,-1.578204666064210449e-01
-4.031934245850098963e-01,3.055356972257838311e-01,6.105419500350126732e-02,-1.510104408090733041e-01,3.488640456219684327e-01,-1.584117730361583043e-01
-4.052271156840238087e-01,3.083892874734648903e-01,6.025684275952054858e-02,-1.532586624079106397e-01,3.516994409811036171e-01,-1.590103247363067185e-01
-4.072649382227430670e-01,3.112536700384234134e-01,5.945369389875707761e-02,-1.555129109081022365e-01,3.545467487638829240e-01,-1.596161107453222538e-01
-4.093068714477452463e-01,3.141288500990411237e-01,5.864472284841036609e-02,-1.577731540847217562e-01,3.574059435067406532e-01,-1.602291179922082087e-01
-4.113528947331971386e-01,3.170148324326081957e-01,5.782990249134173366e-02,-1.600393598426638198e-01,3.602769997068979158e-01,-1.608493314573581634e-01
-4.134029875730820813e-01,3.199116214102404321e-01,5.700920427403377566e-02,-1.623114962194051325e-01,3.631598918394246533e-01,-1.614767343299989000e-01
-4.154571295741937287e-01,3.228192209918043232e-01,5.618259831459957582e-02,-1.645895313872649535e-01,3.660545943720796003e-01,-1.621113081619035001e-01
-4.175153004498080578e-01,3.257376347209763323e-01,5.535005351045983735e-02,-1.668734336552006037e-01,3.689610817781024399e-01,-1.627530330170752215e-01
-4.195774800139547844e-01,3.286668657205378263e-01,5.451153764532761653e-02,-1.691631714701694322e-01,3.718793285471148624e-01,-1.634018876171348111e-01
-4.216436481762204092e-01,3.316069166879863084e-01,5.366701749516439302e-02,-1.714587134180858286e-01,3.748093091942707455e-01,-1.640578494821725297e-01
-4.237137849370210541e-01,3.345577898915265691e-01,5.281645893279227066e-02,-1.737600282243993710e-01,3.777509982677828559e-01,-1.647208950668550553e-01
-4.257878703832921330e-01,3.375194871664889962e-01,5.195982703087188848e-02,-1.760670847543177875e-01,3.807043703549412017e-01,-1.653909998916049673e-01
-4.278658846845472818e-01,3.404920099122096810e-01,5.109708616297595207e-02,-1.783798520126965714e-01,3.836694000867287846e-01,-1.660681386686977679e-01
-4.299478080892645826e-01,3.434753590893959707e-01,5.022820010251113909e-02,-1.806982991436155428e-01,3.866460621411313969e-01,-1.667522854231462404e-01
-4.320336209215631107e-01,3.464695352179910093e-01,4.935313211926429383e-02,-1.830223954296611999e-01,3.896343312452310581e-01,-1.674434136082661173e-01
-4.341233035781371097e-01,3.494745383755428758e-01,4.847184507336873421e-02,-1.853521102909322649e-01,3.926341821761662465e-01,-1.681414962158433168e-01
-4.362168365254184832e-01,3.524903681960772639e-01,4.758430150650672097e-02,-1.876874132837852704e-01,3.956455897610361983e-01,-1.688465058808421015e-01
-4.383142002969417361e-01,3.555170238694664864e-01,4.669046373018775203e-02,-1.900282740993357866e-01,3.986685288758219370e-01,-1.695584149806157459e-01
-4.404153754908884943e-01,3.585545041412830924e-01,4.579029391095727763e-02,-1.923746625617301087e-01,4.017029744433921468e-01,-1.702771957286035309e-01
-4.425203427677909529e-01,3.616028073131220544e-01,4.488375415241521726e-02,-1.947265486262015621e-01,4.047489014306587807e-01,-1.710028202625147875e-01
-4.446290828483758784e-01,3.646619312433722060e-01,4.397080657393698244e-02,-1.970839023769251352e-01,4.078062848449429123e-01,-1.717352607270194731e-01
-4.467415765115330117e-01,3.677318733484152280e-01,4.305141338601129603e-02,-1.994466940246833186e-01,4.108750997296095053e-01,-1.724744893509828070e-01
-4.488578038389253733e-01,3.708126235563163342e-01,4.212554032870931969e-02,-2.018148960254095015e-01,4.139553301729684831e-01,-1.732204820494865627e-01
-4.509777443081687265e-01,3.739041652360384216e-01,4.119315680694776022e-02,-2.041884828536072449e-01,4.170469679511292216e-01,-1.739732185043061097e-01
-4.531013774442887443e-01,3.770064812875405513e-01,4.025423348197316314e-02,-2.065674291937750484e-01,4.201500046122677579e-01,-1.747326795828901547e-01
-4.552286828182101064e-01,3.801195541708213832e-01,3.930874230136433695e-02,-2.089517099226420316e-01,4.232644314985747336e-01,-1.754988473647394742e-01
-4.573596400453407429e-01,3.832433659317970309e-01,3.835665652345551097e-02,-2.113413000932307106e-01,4.263902397630477403e-01,-1.762717051613391095e-01
-4.594942287842433415e-01,3.863778982254468253e-01,3.739795073642386558e-02,-2.137361749205128336e-01,4.295274203818637004e-01,-1.770512375299064523e-01
-4.616324287353862910e-01,3.895231323365978549e-01,3.643260087229053396e-02,-2.161363097684540491e-01,4.326759641629686626e-01,-1.778374302812324725e-01
-4.637742196399645134e-01,3.926790491986626441e-01,3.546058421608127426e-02,-2.185416801382687735e-01,4.358358617514366817e-01,-1.786302704818961695e-01
-4.659195812787811364e-01,3.958456294105986428e-01,3.448187941039695253e-02,-2.209522616577290766e-01,4.390071036320769560e-01,-1.794297464511414586e-01
-4.680684934711801803e-01,3.990228532523165117e-01,3.349646645564279684e-02,-2.233680300713914713e-01,4.421896801297033330e-01,-1.802358477527077896e-01
-4.702209360740206012e-01,4.022107006987300504e-01,3.250432670616567460e-02,-2.257889612316231198e-01,4.453835814074266208e-01,-1.810485651819089270e-01
-4.723768889806825300e-01,4.054091514326109147e-01,3.150544286254586962e-02,-2.282150310903237889e-01,4.485887974632810637e-01,-1.818678907482560725e-01
-4.745363321200960494e-01,4.086181848563849583e-01,3.049979896029013024e-02,-2.306462156912536809e-01,4.518053181254556572e-01,-1.826938176539184555e-01
-4.766992454557845704e-01,4.118377801029868834e-01,2.948738035516794767e-02,-2.330824911628892049e-01,4.550331330463651680e-01,-1.835263402683163236e-01
-4.788656089849132602e-01,4.150679160458695116e-01,2.846817370543237857e-02,-2.355238337117383229e-01,4.582722316957638098e-01,-1.843654540991354895e-01
-4.810354027373354713e-01,4.183085713082496104e-01,2.744216695116165686e-02,-2.379702196160569105e-01,4.615226033530782090e-01,-1.852111557600514269e-01
-4.832086067746290126e-01,4.215597242716582760e-01,2.640934929095382216e-02,-2.404216252199149195e-01,4.647842370991127070e-01,-1.860634429354439678e-01
-4.853852011891154894e-01,4.248213530838527152e-01,2.536971115620365730e-02,-2.428780269275678805e-01,4.680571218072586137e-01,-1.869223143423804911e-01
-4.875651661028560513e-01,4.280934356661361684e-01,2.432324418318409717e-02,-2.453394011980958855e-01,4.713412461343228776e-01,-1.877877696901375237e-01
-4.897484816666172192e-01,4.313759497201255511e-01,2.326994118315054219e-02,-2.478057245402765230e-01,4.746365985110742591e-01,-1.886598096375249056e-01
-4.919351280588014630e-01,4.346688727339991787e-01,2.220979611067990314e-02,-2.502769735076633140e-01,4.779431671325929942e-01,-1.895384357482690352e-01
-4.941250854843367568e-01,4.379721819882511080e-01,2.114280403045057377e-02,-2.527531246938448661e-01,4.812609399484973349e-01,-1.904236504447040235e-01
-4.963183341735208365e-01,4.412858545609742444e-01,2.006896108266318507e-02,-2.552341547278634826e-01,4.845899046531100263e-01,-1.913154569600110655e-01
-4.985148543808153310e-01,4.446098673326910333e-01,1.898826444729465740e-02,-2.577200402697747972e-01,4.879300486756191768e-01,-1.922138592892378151e-01
-5.007146263835858813e-01,4.479441969907459464e-01,1.790071230737245653e-02,-2.602107580063320880e-01,4.912813591702795968e-01,-1.931188621393207516e-01
-5.029176304807849718e-01,4.512888200332735300e-01,1.680630381144738658e-02,-2.627062846467821400e-01,4.946438230066934061e-01,-1.940304708783240073e-01
-5.051238469915734219e-01,4.546437127727514516e-01,1.570503903543711555e-02,-2.652065969187602512e-01,4.980174267602037186e-01,-1.949486914840989904e-01
-5.073332562538783730e-01,4.580088513391483707e-01,1.459691894400463007e-02,-2.677116715642743339e-01,5.014021567024284920e-01,-1.958735304925594556e-01
-5.095458386228847170e-01,4.613842116826742945e-01,1.348194535162855305e-02,-2.702214853357686186e-01,5.047979987919578582e-01,-1.968049949457569836e-01
-5.117615744694574698e-01,4.647697695761396908e-01,1.236012088351459356e-02,-2.727360149922599675e-01,5.082049386652333078e-01,-1.977430923399316753e-01
-5.139804441784942002e-01,4.681655006169303523e-01,1.123144893648952806e-02,-2.752552372955390791e-01,5.116229616276241066e-01,-1.986878305737039829e-01
-5.162024281472038512e-01,4.715713802286029543e-01,1.009593364001189209e-02,-2.777791290064308694e-01,5.150520526447123215e-01,-1.996392178965631370e-01
-5.184275067833123973e-01,4.749873836621072987e-01,8.953579817425191475e-03,-2.803076668811090300e-01,5.184921963337959516e-01,-2.005972628577978589e-01
-5.206556605031924523e-01,4.784134859966400755e-01,7.804392947572458272e-03,-2.828408276674590494e-01,5.219433769556155456e-01,-2.015619742560052496e-01
-5.228868697299173807e-01,4.818496621401355817e-01,6.648379126882923706e-03,-2.853785881014865855e-01,5.254055784063091927e-01,-2.025333610893053082e-01
-5.251211148912375837e-01,4.852958868293987260e-01,5.485545032034040008e-03,-2.879209249037661400e-01,5.288787842095973302e-01,-2.035114325063768770e-01
-5.273583764174788469e-01,4.887521346298855929e-01,4.315897883284833259e-03,-2.904678147759272022e-01,5.323629775091978100e-01,-2.044961977584242030e-01
-5.295986347393634164e-01,4.922183799351372291e-01,3.139445408568718177e-03,-2.930192343971740887e-01,5.358581410614697838e-01,-2.054876661521715664e-01
-5.318418702857515834e-01,4.956945969658724804e-01,1.956195808427350653e-03,-2.955751604208367578e-01,5.393642572282836278e-01,-2.064858470039762917e-01
-5.340880634813047756e-01,4.991807597687459852e-01,7.661577218594393598e-04,-2.981355694709491022e-01,5.428813079701131361e-01,-2.074907495951409109e-01
-5.363371947440706000e-01,5.026768422147773752e-01,-4.306598068484455977e-04,-3.007004381388525549e-01,5.464092748393439836e-01,-2.085023831284970597e-01
-5.385892444829890602e-01,5.061828179974587893e-01,-1.634247360248702093e-03,-3.032697429798214550e-01,5.499481389737939097e-01,-2.095207566863249715e-01
-5.408441930953207244e-01,5.096986606305466960e-01,-2.844595178763395255e-03,-3.058434605097083425e-01,5.534978810904359614e-01,-2.105458791896650528e-01
-5.431020209639968455e-01,5.132243434455465714e-01,-4.061693190571352002e-03,-3.084215672016061283e-01,5.570584814793183570e-01,-2.115777593590698891e-01
-5.453627084548932080e-01,5.167598395888957086e-01,-5.285531040311037924e-03,-3.110040394825245302e-01,5.606299199976719771e-01,-2.126164056768374278e-01
-5.476262359140264824e-01,5.203051220188537052e-01,-6.516098116563729704e-03,-3.135908537300783894e-01,5.642121760641968242e-01,-2.136618263507591431e-01
-5.498925836646754162e-01,5.238601635021075120e-01,-7.753383578087824114e-03,-3.161819862691853111e-01,5.678052286535181237e-01,-2.147140292794105787e-01
-5.521617320044267530e-01,5.274249366100987046e-01,-8.997376378780492720e-03,-3.187774133687703015e-01,5.714090562908016313e-01,-2.157730220190038906e-01
-5.544336612021468769e-01,5.309994137150819693e-01,-1.024806529134841479e-02,-3.213771112384742334e-01,5.750236370465188207e-01,-2.168388117518167957e-01
-5.567083514948808487e-01,5.345835669859219097e-01,-1.150543892967409963e-02,-3.239810560253644223e-01,5.786489485313511816e-01,-2.179114052562057535e-01
-5.589857830846786113e-01,5.381773683836379440e-01,-1.276948576986938408e-02,-3.265892238106443690e-01,5.822849678912224158e-01,-2.189908088782059892e-01
-5.612659361353504739e-01,5.417807896567046200e-01,-1.404019417001243358e-02,-3.292015906063601172e-01,5.859316718024483173e-01,-2.200770285047151664e-01
-5.635487907691529852e-01,5.453938023361160070e-01,-1.531755238856835968e-02,-3.318181323521007808e-01,5.895890364669932326e-01,-2.211700695382528281e-01
-5.658343270634049738e-01,5.490163777302234926e-01,-1.660154860149826855e-02,-3.344388249116907463e-01,5.932570376078214469e-01,-2.222699368732830305e-01
-5.681225250470369748e-01,5.526484869193540872e-01,-1.789217091806548712e-02,-3.370636440698709380e-01,5.969356504643332784e-01,-2.233766348740821583e-01
-5.704133646970739324e-01,5.562901007502195627e-01,-1.918940739535082707e-02,-3.396925655289668167e-01,6.006248497878734494e-01,-2.244901673541312148e-01
-5.727068259350525103e-01,5.599411898301227541e-01,-2.049324605149208459e-02,-3.423255649055401140e-01,6.043246098373018516e-01,-2.256105375570076621e-01
-5.750028886233746750e-01,5.636017245209713478e-01,-2.180367487766745466e-02,-3.449626177270223581e-01,6.080349043746147153e-01,-2.267377481387472526e-01
-5.773015325615986626e-01,5.672716749331062625e-01,-2.312068184884331912e-02,-3.476036994283272508e-01,6.117557066606057470e-01,-2.278718011516444042e-01
-5.796027374826688838e-01,5.709510109189528393e-01,-2.444425493331124979e-02,-3.502487853484396729e-01,6.154869894505556882e-01,-2.290126980294562020e-01
-5.819064830490849882e-01,5.746397020665036104e-01,-2.577438210104100041e-02,-3.528978507269788789e-01,6.192287249899401935e-01,-2.301604395739718922e-01
-5.842127488490130860e-01,5.783377176926393082e-01,-2.711105133087810676e-02,-3.555508707007331015e-01,6.229808850101449247e-01,-2.313150259429082312e-01
-5.865215143923390162e-01,5.820450268362971080e-01,-2.845425061661725763e-02,-3.582078203001635708e-01,6.267434407241774252e-01,-2.324764566390883913e-01
-5.888327591066653266e-01,5.857615982514923214e-01,-2.980396797198411538e-02,-3.608686744458753370e-01,6.305163628223662275e-01,-2.336447305008599873e-01
-5.911464623332536306e-01,5.894874004002019774e-01,-3.116019143456021795e-02,-3.635334079450526223e-01,6.342996214680360900e-01,-2.348198456937065082e-01
-5.934626033229126740e-01,5.932224014451161764e-01,-3.252290906868594844e-02,-3.662019954878564798e-01,6.380931862931501497e-01,-2.360017997030050829e-01
-5.957811612318348882e-01,5.969665692422648773e-01,-3.389210896737913231e-02,-3.688744116437825404e-01,6.418970263939098864e-01,-2.371905893278818400e-01
-5.981021151173807615e-01,6.007198713335266671e-01,-3.526777925330683294e-02,-3.715506308579762385e-01,6.457111103263025731e-01,-2.383862106761157340e-01
-6.004254439338133631e-01,6.044822749390248440e-01,-3.664990807884939417e-02,-3.742306274475041272e-01,6.495354061015881086e-01,-2.395886591600402127e-01
-6.027511265279842378e-01,6.082537469494184723e-01,-3.803848362529552857e-02,-3.769143755975785104e-01,6.533698811817160168e-01,-2.407979294933923486e-01
-6.050791416349713403e-01,6.120342539180925190e-01,-3.943349410120906146e-02,-3.796018493577338893e-01,6.572145024746643971e-01,-2.420140156890583094e-01
-6.074094678736701169e-01,6.158237620532538426e-01,-4.083492774000672954e-02,-3.822930226379526730e-01,6.610692363296925000e-01,-2.432369110576632354e-01
-6.097420837423388473e-01,6.196222372099378095e-01,-4.224277279678801539e-02,-3.849878692047390416e-01,6.649340485324993777e-01,-2.444666082069550661e-01
-6.120769676140997984e-01,6.234296448819298675e-01,-4.365701754445711069e-02,-3.876863626771384075e-01,6.688089043002810596e-01,-2.457030990419303562e-01
-6.144140977323965247e-01,6.272459501936079596e-01,-4.507765026917697621e-02,-3.903884765227011999e-01,6.726937682766787052e-01,-2.469463747656514552e-01
-6.167534522064084257e-01,6.310711178917093322e-01,-4.650465926519602861e-02,-3.930941840533889176e-01,6.765886045266112925e-01,-2.481964258807045909e-01
-6.190950090064236688e-01,6.349051123370258454e-01,-4.793803282908697116e-02,-3.958034584214215057e-01,6.804933765309860716e-01,-2.494532421912490083e-01
-6.214387459591712570e-01,6.387478974960320022e-01,-4.937775925343684119e-02,-3.985162726150633938e-01,6.844080471812806765e-01,-2.507168128056078693e-01
-6.237846407431131279e-01,6.425994369324489197e-01,-5.082382682002725000e-02,-4.012325994543481933e-01,6.883325787739912327e-01,-2.519871261393525907e-01
-6.261326708836970623e-01,6.464596937987477920e-01,-5.227622379254216745e-02,-4.039524115867392795e-01,6.922669330049404657e-01,-2.532641699188330486e-01
-6.284828137485711785e-01,6.503286308275952887e-01,-5.373493840884128320e-02,-4.066756814827261479e-01,6.962110709634404815e-01,-2.545479311851074899e-01
-6.308350465427607912e-01,6.542062103232441084e-01,-5.519995887283453417e-02,-4.094023814313543230e-01,7.001649531263065551e-01,-2.558383962982265225e-01
-6.331893463038082981e-01,6.580923941528712406e-01,-5.667127334599386668e-02,-4.121324835356885985e-01,7.041285393517155988e-01,-2.571355509418274399e-01
-6.355456898968767643e-01,6.619871437378658241e-01,-5.814886993853649738e-02,-4.148659597082078876e-01,7.081017888729063126e-01,-2.584393801279957215e-01
-6.379040540098177559e-01,6.658904200450682653e-01,-5.963273670031296603e-02,-4.176027816661312952e-01,7.120846602917169088e-01,-2.597498682023525185e-01
-6.402644151482042023e-01,6.698021835779632838e-01,-6.112286161143264812e-02,-4.203429209266737465e-01,7.160771115719564150e-01,-2.610669988493274363e-01
-6.426267496303287308e-01,6.737223943678275484e-01,-6.261923257265790410e-02,-4.230863488022313934e-01,7.200791000326066671e-01,-2.623907550975789205e-01
-6.449910335821681384e-01,6.776510119648332386e-01,-6.412183739559654261e-02,-4.258330363954953013e-01,7.240905823408516628e-01,-2.637211193255241115e-01
-6.473572429323141142e-01,6.815879954291090836e-01,-6.563066379272182449e-02,-4.285829545944931929e-01,7.281115145049320558e-01,-2.650580732669430284e-01
-6.497253534068707648e-01,6.855333033217592131e-01,-6.714569936724730514e-02,-4.313360740675584726e-01,7.321418518668221243e-01,-2.664015980166228315e-01
-6.520953405243203882e-01,6.894868936958407080e-01,-6.866693160288332709e-02,-4.340923652582263093e-01,7.361815490947272167e-01,-2.677516740360100234e-01
-6.544671795903559408e-01,6.934487240872999614e-01,-7.019434785349931705e-02,-4.368517983800563886e-01,7.402305601753997877e-01,-2.691082811588386137e-01
-6.568408456926827510e-01,6.974187515058690723e-01,-7.172793533271669408e-02,-4.396143434113817250e-01,7.442888384062730234e-01,-2.704713985967064915e-01
-6.592163136957880365e-01,7.013969324259208271e-01,-7.326768110345348306e-02,-4.423799700899837539e-01,7.483563363874097263e-01,-2.718410049445708077e-01
-6.615935582356796685e-01,7.053832227772838248e-01,-7.481357206744347621e-02,-4.451486479076935954e-01,7.524330060132673470e-01,-2.732170781861370523e-01
-6.639725537145941825e-01,7.093775779360164124e-01,-7.636559495474798398e-02,-4.479203461049187096e-01,7.565187984642761654e-01,-2.745995956991173492e-01
-6.663532742956740362e-01,7.133799527151395425e-01,-7.792373631327960404e-02,-4.506950336650962785e-01,7.606136641982323976e-01,-2.759885342603343727e-01
-6.687356938976151133e-01,7.173903013553284413e-01,-7.948798249835530016e-02,-4.534726793090720909e-01,7.647175529415044526e-01,-2.773838700506505162e-01
-6.711197861892840288e-01,7.214085775155616442e-01,-8.105831966229444518e-02,-4.562532514894060975e-01,7.688304136800536703e-01,-2.787855786597020491e-01
-6.735055245843059035e-01,7.254347342637277318e-01,-8.263473374407652450e-02,-4.590367183846045251e-01,7.729521946502685426e-01,-2.801936350904197792e-01
-6.758928822356226052e-01,7.294687240671883233e-01,-8.421721045907183678e-02,-4.618230478932789929e-01,7.770828433296141924e-01,-2.816080137633199532e-01
-6.782818320300221249e-01,7.335104987832964385e-01,-8.580573528885762635e-02,-4.646122076282330204e-01,7.812223064270973349e-01,-2.830286885205504088e-01
-6.806723465826389763e-01,7.375600096498702296e-01,-8.740029347113065228e-02,-4.674041649104765384e-01,7.853705298735474960e-01,-2.844556326296774351e-01
-6.830643982314261731e-01,7.416172072756197498e-01,-8.900086998972600583e-02,-4.701988867631689550e-01,7.895274588117161541e-01,-2.858888187872018483e-01
-6.854579590315982296e-01,7.456820416305272037e-01,-9.060744956475053069e-02,-4.729963399054914475e-01,7.936930375861954712e-01,-2.873282191217925163e-01
-6.878530007500469612e-01,7.497544620361782375e-01,-9.222001664283892286e-02,-4.757964907464493631e-01,7.978672097331570567e-01,-2.887738051972286724e-01
-6.902494948597288627e-01,7.538344171560444895e-01,-9.383855538753919923e-02,-4.785993053786053442e-01,8.020499179699143166e-01,-2.902255480150422451e-01
-6.926474125340252863e-01,7.579218549857152931e-01,-9.546304966983260032e-02,-4.814047495717443947e-01,8.062411041843087212e-01,-2.916834180168529356e-01
-6.950467246410751976e-01,7.620167228430781980e-01,-9.709348305879240970e-02,-4.842127887664713359e-01,8.104407094239236553e-01,-2.931473850863913211e-01
-6.974474017380811741e-01,7.661189673584467563e-01,-9.872983881238583947e-02,-4.870233880677427019e-01,8.146486738851276277e-01,-2.946174185512038246e-01
-6.998494140655887596e-01,7.702285344646346843e-01,-1.003720998684213689e-01,-4.898365122383329662e-01,8.188649369019490587e-01,-2.960934871840376625e-01
-7.022527315417397276e-01,7.743453693869752907e-01,-1.020202488356428822e-01,-4.926521256922374303e-01,8.230894369347862005e-01,-2.975755592039027175e-01
-7.046573237564995873e-01,7.784694166332855048e-01,-1.036742679849723403e-01,-4.954701924880123842e-01,8.273221115589548535e-01,-2.990636022768089486e-01
-7.070631599658595556e-01,7.826006199837729493e-01,-1.053341392409006677e-01,-4.982906763220542601e-01,8.315628974530770989e-01,-3.005575835161793941e-01
-7.094702090860137700e-01,7.867389224808859494e-01,-1.069998441730261318e-01,-5.011135405218191119e-01,8.358117303873137116e-01,-3.020574694829388229e-01
-7.118784396875118547e-01,7.908842664191049199e-01,-1.086713639877396886e-01,-5.039387480389838636e-01,8.400685452114450280e-01,-3.035632261852804215e-01
-7.142878199893879509e-01,7.950365933346748015e-01,-1.103486795200547821e-01,-5.067662614425513246e-01,8.443332758428028217e-01,-3.050748190781125690e-01
-7.166983178532663201e-01,7.991958439952779880e-01,-1.120317712255789050e-01,-5.095960429119003043e-01,8.486058552540576283e-01,-3.065922130621888675e-01
-7.191099007774439666e-01,8.033619583896465244e-01,-1.137206191726246596e-01,-5.124280542297826591e-01,8.528862154608647383e-01,-3.081153724829258089e-01
-7.215225358909517217e-01,8.075348757171141312e-01,-1.154152030344550578e-01,-5.152622567752692673e-01,8.571742875093745218e-01,-3.096442611289114688e-01
-7.239361899475935669e-01,8.117145343771065003e-01,-1.171155020816611186e-01,-5.180986115166468231e-01,8.614700014636098580e-01,-3.111788422301132173e-01
-7.263508293199657517e-01,8.159008719585709724e-01,-1.188214951746652953e-01,-5.209370790042675559e-01,8.657732863927156686e-01,-3.127190784557876135e-01
-7.287664199934561493e-01,8.200938252293443753e-01,-1.205331607563467355e-01,-5.237776193633539856e-01,8.700840703580859925e-01,-3.142649319121013085e-01
-7.311829275602248490e-01,8.242933301254594669e-01,-1.222504768447826434e-01,-5.266201922867607133e-01,8.744022804003723781e-01,-3.158163641394689525e-01
-7.336003172131668748e-01,8.284993217403903154e-01,-1.239734210261005526e-01,-5.294647570276957982e-01,8.787278425263791437e-01,-3.173733361096164329e-01
-7.360185537398579170e-01,8.327117343142368400e-01,-1.257019704474344191e-01,-5.323112723924041667e-01,8.830606816958505023e-01,-3.189358082223769930e-01
-7.384376015164848539e-01,8.369305012228487328e-01,-1.274361018099799958e-01,-5.351596967328154930e-01,8.874007218081554349e-01,-3.205037403022295561e-01
-7.408574245017612858e-01,8.411555549668896514e-01,-1.291757913621417175e-01,-5.380099879391588846e-01,8.917478856888751970e-01,-3.220770915945872503e-01
-7.432779862308300789e-01,8.453868271608430129e-01,-1.309210148927650308e-01,-5.408621034325473698e-01,8.961020950762993431e-01,-3.236558207618468463e-01
-7.456992498091536969e-01,8.496242485219589469e-01,-1.326717477244472865e-01,-5.437160001575348511e-01,9.004632706078364857e-01,-3.252398858792067138e-01
-7.481211779063945411e-01,8.538677488591454035e-01,-1.344279647069204497e-01,-5.465716345746487459e-01,9.048313318063458954e-01,-3.268292444302657862e-01
-7.505437327502855194e-01,8.581172570618034179e-01,-1.361896402104993409e-01,-5.494289626529005321e-01,9.092061970663956050e-01,-3.284238533024116946e-01
-7.529668761204936223e-01,8.623727010886089728e-01,-1.379567481195870804e-01,-5.522879398622781988e-01,9.135877836404544539e-01,-3.300236687820091719e-01
-7.553905693424779466e-01,8.666340079562424581e-01,-1.397292618262316877e-01,-5.551485211662233743e-01,9.179760076250244039e-01,-3.316286465493998303e-01
-7.578147732813430570e-01,8.709011037280687262e-01,-1.415071542237273106e-01,-5.580106610140965762e-01,9.223707839467194525e-01,-3.332387416737230268e-01
-7.602394483356909038e-01,8.751739135027690741e-01,-1.432903977002520646e-01,-5.608743133336336895e-01,9.267720263482994714e-01,-3.348539086075695836e-01
-7.626645544314721858e-01,8.794523614029279290e-01,-1.450789641325363200e-01,-5.637394315233981157e-01,9.311796473746650760e-01,-3.364741011814789684e-01
-7.650900510158399337e-01,8.837363705635774558e-01,-1.468728248795549696e-01,-5.666059684452312561e-01,9.355935583588222970e-01,-3.380992725982917002e-01
-7.675158970510069789e-01,8.880258631207019748e-01,-1.486719507762367665e-01,-5.694738764167059930e-01,9.400136694078240485e-01,-3.397293754273666422e-01
-7.699420510081100844e-01,8.923207601997059646e-01,-1.504763121271839033e-01,-5.723431072035867206e-01,9.444398893886964963e-01,-3.413643615986765023e-01
-7.723684708610826233e-01,8.966209819038495343e-01,-1.522858787003964487e-01,-5.752136120123000351e-01,9.488721259143595432e-01,-3.430041823967915904e-01
-7.747951140805388048e-01,9.009264473026535880e-01,-1.541006197209946749e-01,-5.780853414824203007e-01,9.533102853295484236e-01,-3.446487884547628222e-01
-7.772219376276718883e-01,9.052370744202804520e-01,-1.559205038649341402e-01,-5.809582456791747562e-01,9.577542726967469555e-01,-3.462981297479165721e-01
-7.796488979481691617e-01,9.095527802238926318e-01,-1.577454992527077271e-01,-5.838322740859722693e-01,9.622039917821402222e-01,-3.479521555875710326e-01
-7.820759509661461273e-01,9.138734806119946930e-01,-1.595755734430280293e-01,-5.867073755969608451e-01,9.666593450415970068e-01,-3.496108146146874041e-01
-7.845030520781042238e-01,9.181990904027638178e-01,-1.614106934264873949e-01,-5.895834985096181091e-01,9.711202336066906415e-01,-3.512740547934648516e-01
-7.869301561469133066e-01,9.225295233223721469e-01,-1.632508256191883833e-01,-5.924605905173804254e-01,9.755865572707692612e-01,-3.529418234048915526e-01
-7.893572174958242149e-01,9.268646919933083428e-01,-1.650959358563414969e-01,-5.953385987023152026e-01,9.800582144750852320e-01,-3.546140670402642137e-01
-7.917841899025127583e-01,9.312045079227023736e-01,-1.669459893858250277e-01,-5.982174695278418275e-01,9.845351022949939690e-01,-3.562907315946846620e-01
-7.942110265931604518e-01,9.355488814906606221e-01,-1.688009508617048515e-01,-6.010971488315071110e-01,9.890171164262336889e-01,-3.579717622605467220e-01
-7.966376802365746634e-01,9.398977219386159820e-01,-1.706607843377075384e-01,-6.039775818178201305e-01,9.935041511712967566e-01,-3.596571035210225920e-01
-7.990641029383523941e-01,9.442509373577012699e-01,-1.725254532606463054e-01,-6.068587130511529093e-01,9.979960994259045037e-01,-3.613466991435609899e-01
-8.014902462350912415e-01,9.486084346771513909e-01,-1.743949204637958439e-01,-6.097404864487122600e-01,1.002492852665597178e+00,-3.630404921734061152e-01
-8.039160610886521008e-01,9.529701196527414764e-01,-1.762691481602120802e-01,-6.126228452735897889e-01,1.006994300932451347e+00,-3.647384249271517498e-01
-8.063414978804779309e-01,9.573358968552694304e-01,-1.781480979359987005e-01,-6.155057321278952776e-01,1.011500332821936965e+00,-3.664404389863367695e-01
-8.087665064059723630e-01,9.617056696590897680e-01,-1.800317307435126690e-01,-6.183890889459812135e-01,1.016010835469927320e+00,-3.681464751910943356e-01
-8.111910358689432554e-01,9.660793402307064071e-01,-1.819200068945131532e-01,-6.212728569877637996e-01,1.020525694539875738e+00,-3.698564736338666448e-01
-8.136150348761160833e-01,9.704568095174341824e-01,-1.838128860532484699e-01,-6.241569768321486578e-01,1.025044794210170807e+00,-3.715703736531937862e-01
-8.160384514317210458e-01,9.748379772361365214e-01,-1.857103272294836072e-01,-6.270413883705671099e-01,1.029568017161686333e+00,-3.732881138275886412e-01
-8.184612329321601099e-01,9.792227418620494950e-01,-1.876122887714650189e-01,-6.299260308006311426e-01,1.034095244565539362e+00,-3.750096319695057634e-01
-8.208833261607587639e-01,9.836110006177002374e-01,-1.895187283588243288e-01,-6.328108426199140490e-01,1.038626356071070234e+00,-3.767348651194162845e-01
-8.233046772826071447e-01,9.880026494619309485e-01,-1.914296029954222211e-01,-6.356957616198647409e-01,1.043161229794061784e+00,-3.784637495399997276e-01
-8.257252318394969759e-01,9.923975830790376929e-01,-1.933448690021328242e-01,-6.385807248798631708e-01,1.047699742305211679e+00,-3.801962207104602753e-01
-8.281449347449597598e-01,9.967956948680347651e-01,-1.952644820095684741e-01,-6.414656687614253006e-01,1.052241768618874529e+00,-3.819322133209795411e-01
-8.305637302794117716e-01,1.001196876932055391e+00,-1.971883969507482182e-01,-6.443505289025655003e-01,1.056787182182089557e+00,-3.836716612673140014e-01
-8.329815620854117419e-01,1.005601020067900198e+00,-1.991165680537120564e-01,-6.472352402123251469e-01,1.061335854863911354e+00,-3.854144976455498028e-01
-8.353983731630384435e-01,1.010008013755743894e+00,-2.010489488340822251e-01,-6.501197368654760833e-01,1.065887656945061046e+00,-3.871606547470218262e-01
-8.378141058653927331e-01,1.014417746149014254e+00,-2.029854920875765745e-01,-6.530039522974074861e-01,1.070442457107913636e+00,-3.889100640534085551e-01
-8.402287018942327101e-01,1.018830104064452735e+00,-2.049261498824751504e-01,-6.558878191992053575e-01,1.075000122426841953e+00,-3.906626562320125173e-01
-8.426421022957464313e-01,1.023244972972372269e+00,-2.068708735520448372e-01,-6.587712695129341878e-01,1.079560518358934296e+00,-3.924183611312356268e-01
-8.450542474564708417e-01,1.027662236987123112e+00,-2.088196136869265862e-01,-6.616542344271295617e-01,1.084123508735104213e+00,-3.941771077762583064e-01
-8.474650770993630289e-01,1.032081778857780963e+00,-2.107723201274886438e-01,-6.645366443725122529e-01,1.088688955751612841e+00,-3.959388243649341055e-01
-8.498745302800310153e-01,1.036503479959071328e+00,-2.127289419561511352e-01,-6.674184290179328016e-01,1.093256719962021783e+00,-3.977034382639089705e-01
-8.522825453831317510e-01,1.040927220282543697e+00,-2.146894274896888888e-01,-6.702995172665573431e-01,1.097826660269598742e+00,-3.994708760049742735e-01
-8.542024172221515110e-01,1.044492280976578868e+00,-2.164945983007317554e-01,-6.731895614586038690e-01,1.102441365803782602e+00,-4.013182166109680038e-01
-8.557112341463958272e-01,1.047333906810954840e+00,-2.181397271527102388e-01,-6.760861270946634249e-01,1.107089385443895679e+00,-4.032450462293327709e-01
-8.568746390694770287e-01,1.049566230580834425e+00,-2.196211677376617710e-01,-6.789873194775229992e-01,1.111762365068079683e+00,-4.052508783591816655e-01
-8.577487769619719371e-01,1.051287740523485059e+00,-2.209369902376497052e-01,-6.818914240867689491e-01,1.116452770538076011e+00,-4.073345643594849519e-01
-8.583816080164664575e-01,1.052583273468364666e+00,-2.220867575965759788e-01,-6.847968861880255886e-01,1.121153838408001757e+00,-4.094943875947438250e-01
-8.588140441269226377e-01,1.053525774381048219e+00,-2.230713301422316552e-01,-6.877022917344669528e-01,1.125859514214447410e+00,-4.117281428767721740e-01
-8.590809318859627952e-01,1.054177845165941818e+00,-2.238926940025688372e-01,-6.906063501696160234e-01,1.130564386114502939e+00,-4.140332043899394576e-01
-8.592119023564496194e-01,1.054593104666133208e+00,-2.245538096594178190e-01,-6.935078793739363201e-01,1.135263618849110090e+00,-4.164065845362339702e-01
-8.592321052799001269e-01,1.054817380447978126e+00,-2.250584776825946542e-01,-6.964057927723956709e-01,1.139952891070513896e+00,-4.188449855643342490e-01
-8.591628431055819970e-01,1.054889751377123597e+00,-2.254112192359163103e-01,-6.992990884878862445e-01,1.144628337740650537e+00,-4.213448454094163576e-01
-8.590221182259313304e-01,1.054843458317342941e+00,-2.256171693762586972e-01,-7.021868403536415393e-01,1.149286498406594248e+00,-4.239023788359219669e-01
-8.588251050547323073e-01,1.054706698605867077e+00,-2.256819815088690340e-01,-7.050681905648580328e-01,1.153924271563693038e+00,-4.265136147170976999e-01
-8.585845570557334439e-01,1.054503318338732010e+00,-2.256117416354445626e-01,-7.079423437411980213e-01,1.158538874936572372e+00,-4.291744300920140587e-01
-8.583111574951846068e-01,1.054253414973618019e+00,-2.254128912450957811e-01,-7.108085621781100594e-01,1.163127811277758994e+00,-4.318805814799068221e-01
-8.580138215289476733e-01,1.053973861346291896e+00,-2.250921578836664882e-01,-7.136661620798110395e-01,1.167688839157402070e+00,-4.346277338215160380e-01
-8.576999562224535412e-01,1.053678760908578482e+00,-2.246564925704878368e-01,-7.165145105861756569e-01,1.172219948161968617e+00,-4.374114873278849847e-01
-8.573756842213167140e-01,1.053379842832551150e+00,-2.241130133560207682e-01,-7.193530234270656409e-01,1.176719337911232399e+00,-4.402274024440720468e-01
-8.570460360253084886e-01,1.053086804583207581e+00,-2.234689544068732270e-01,-7.221811630592093190e-01,1.181185400324795021e+00,-4.430710230858264653e-01
-8.567151151540438603e-01,1.052807608633855807e+00,-2.227316200902025312e-01,-7.249984371615597611e-01,1.185616704609734562e+00,-4.459378982671500791e-01
-8.563862399162073258e-01,1.052548739175878323e+00,-2.219083435895757572e-01,-7.278043973845496062e-01,1.190011984491583741e+00,-4.488236022085723698e-01
-8.560620649941489413e-01,1.052315423948681605e+00,-2.210064496466303541e-01,-7.305986382664924061e-01,1.194370127265918624e+00,-4.517237529940410501e-01
-8.557446856222030718e-01,1.052111825676570689e+00,-2.200332210679294409e-01,-7.333807962464465868e-01,1.198690164303584771e+00,-4.546340298291631776e-01
-8.554357267614552951e-01,1.051941207038129766e+00,-2.189958686776111996e-01,-7.361505487171261519e-01,1.202971262696489019e+00,-4.575501889434429037e-01
-8.551364193482711151e-01,1.051806072601605857e+00,-2.179015044309877414e-01,-7.389076130739741233e-01,1.207212717781326772e+00,-4.604680781723048399e-01
-8.548474520687001643e-01,1.051705555692332039e+00,-2.167561463401933008e-01,-7.416521612918576256e-01,1.211416332207455593e+00,-4.633844688365227338e-01
-8.545694984339869960e-01,1.051641158192585745e+00,-2.155665201991366631e-01,-7.443839894982707817e-01,1.215581660492232263e+00,-4.662955624806489063e-01
-8.543029988179672296e-01,1.051613915943925726e+00,-2.143391939109700606e-01,-7.471029294606867932e-01,1.219708359590504054e+00,-4.691976845548772590e-01
-8.540482016718509151e-01,1.051624478306474986e+00,-2.130805609121395605e-01,-7.498088473619932692e-01,1.223796183640220248e+00,-4.720872936620691962e-01
-8.538051985228809482e-01,1.051673175946966410e+00,-2.117968257157931689e-01,-7.525016425005053300e-01,1.227844978834354395e+00,-4.749609896741943116e-01
-8.535739536366125924e-01,1.051760078441844160e+00,-2.104939914145358970e-01,-7.551812459146638457e-01,1.231854678368209610e+00,-4.778155207531201154e-01
-8.533543291018532706e-01,1.051885043081004056e+00,-2.091778489976182376e-01,-7.578476189360681126e-01,1.235825297428762459e+00,-4.806477893109175614e-01
-8.531461059928742152e-01,1.052047756081907037e+00,-2.078539683486848588e-01,-7.605007516772807064e-01,1.239756928207168318e+00,-4.834548569486687430e-01
-8.529490021732009097e-01,1.052247767269746115e+00,-2.065276908007719903e-01,-7.631406614629504537e-01,1.243649734927100514e+00,-4.862339484137296330e-01
-8.527626872272000558e-01,1.052484519144286867e+00,-2.052041231345703154e-01,-7.657673912143199146e-01,1.247503948890667180e+00,-4.889824546181535392e-01
-8.525867949381799038e-01,1.052757371135574660e+00,-2.038881329147740340e-01,-7.683810077981897413e-01,1.251319863550490075e+00,-4.916979347622793539e-01
-8.524209336733789000e-01,1.053065619746789139e+00,-2.025843450661165834e-01,-7.709816003519811556e-01,1.255097829621493633e+00,-4.943781176094102503e-01
-8.522646949858123655e-01,1.053408515191358363e+00,-2.012971395974549882e-01,-7.735692785967246410e-01,1.258838250249277868e+00,-4.970209019586069310e-01
-8.521176606994128599e-01,1.053785275051447812e+00,-2.000306503884605458e-01,-7.761441711496791518e-01,1.262541576253924269e+00,-4.996243563637281504e-01
-8.519794086114615972e-01,1.054195092933444933e+00,-1.987887639144363672e-01,-7.787064249583570685e-01,1.266208305030855685e+00,-5.021867191889919368e-01
-8.518495109594556025e-01,1.054636983878352474e+00,-1.975750509586385872e-01,-7.812562770717859095e-01,1.269839211189231820e+00,-5.047064657977157198e-01
-8.517275459173181407e-01,1.055109966241927877e+00,-1.963928298172574749e-01,-7.837939785919123548e-01,1.273435103599870777e+00,-5.071822471211065997e-01
-8.516131004070154331e-01,1.055613066871643024e+00,-1.952451692147247619e-01,-7.863197926568606944e-01,1.276996819857906917e+00,-5.096128862352752309e-01
-8.515057722776235849e-01,1.056145325131494284e+00,-1.941348919349212554e-01,-7.888339925047734846e-01,1.280525221011751924e+00,-5.119973743875038119e-01
-8.514051719549140529e-01,1.056705795978979179e+00,-1.930645791052945093e-01,-7.913368596246656006e-01,1.284021186568812922e+00,-5.143348665259236396e-01
-8.513109236493643373e-01,1.057293552268077530e+00,-1.920365750741259148e-01,-7.938286819996259736e-01,1.287485609786169549e+00,-5.166246763853984403e-01
-8.512226661974713338e-01,1.057907686425506366e+00,-1.910529928239834141e-01,-7.963097524465780896e-01,1.290919393252019765e+00,-5.188662711810897443e-01
-8.511400536000528483e-01,1.058547311624407516e+00,-1.901157198668265991e-01,-7.987803670557027669e-01,1.294323444761263042e+00,-5.210592659596428033e-01
-8.510627553116179023e-01,1.059211562559566611e+00,-1.892264245689880831e-01,-8.012408237315421511e-01,1.297698673486161303e+00,-5.232034176561050076e-01
-8.509904563266497135e-01,1.059899595910898995e+00,-1.883865628566360750e-01,-8.036914208367745838e-01,1.301045986440692248e+00,-5.252986189027006869e-01
-8.509228573388277761e-01,1.060610590990309188e+00,-1.875973853321888096e-01,-8.061324559346704222e-01,1.304366285220248667e+00,-5.273448915980601948e-01
-8.508596889145612074e-01,1.061343775467090023e+00,-1.868599493359722197e-01,-8.085642243925565964e-01,1.307660462144218938e+00,-5.293423781844801557e-01
-8.508007124040383173e-01,1.062098427545592250e+00,-1.861751278436323542e-01,-8.109870183413770972e-01,1.310929397643718408e+00,-5.312913344421835715e-01
-8.507457110076942497e-01,1.062873860583464003e+00,-1.855436154174395780e-01,-8.134011259089972690e-01,1.314173958552513843e+00,-5.331921236526458996e-01
-8.506944833538682138e-01,1.063669412172404849e+00,-1.849659346030955442e-01,-8.158068304898847822e-01,1.317394996417232012e+00,-5.350452105448226803e-01
-8.506468390102384092e-01,1.064484436675213530e+00,-1.844424427125554711e-01,-8.182044100602320347e-01,1.320593345872526747e+00,-5.368511550775414420e-01
-8.506025954579796711e-01,1.065318300392845030e+00,-1.839733389317742551e-01,-8.205941365451382419e-01,1.323769823115178212e+00,-5.386106061085711438e-01
-8.505615761516357454e-01,1.066170378695584064e+00,-1.835586716933260698e-01,-8.229762752422853378e-01,1.326925224501066092e+00,-5.403242949971491793e-01
-8.505236093680161868e-01,1.067040054590334242e+00,-1.831983462566932896e-01,-8.253510843046547585e-01,1.330060325280596478e+00,-5.419930291825715285e-01
-8.504885276142419848e-01,1.067926718311407397e+00,-1.828921324427310591e-01,-8.277188142832581086e-01,1.333175878481382082e+00,-5.436176857772732074e-01
-8.504561668719532452e-01,1.068829766634219469e+00,-1.826396722921885263e-01,-8.300797077396647738e-01,1.336272613977596446e+00,-5.451992052909836461e-01
-8.504263605444695173e-01,1.069748592686901922e+00,-1.824404859172959747e-01,-8.324339990189680849e-01,1.339351238071679218e+00,-5.467385862815556941e-01
-8.503989411130344900e-01,1.070682589578092037e+00,-1.822939794797962532e-01,-8.347819139245520326e-01,1.342412432662450028e+00,-5.482368791183228618e-01
-8.503737430010648302e-01,1.071631137379583931e+00,-1.821994439386946940e-01,-8.371236928624932183e-01,1.345456913781168717e+00,-5.496951934793209427e-01
-8.503506051328039161e-01,1.072593611464301988e+00,-1.821560636090303886e-01,-8.394595868290304352e-01,1.348485420916728073e+00,-5.511146921061373938e-01
-8.503293731933490029e-01,1.073569406097802048e+00,-1.821629330633865174e-01,-8.417898337176568102e-01,1.351498656810326215e+00,-5.524965727276334171e-01
-8.503099007089761630e-01,1.074557936987199813e+00,-1.822190654399602761e-01,-8.441146583490547473e-01,1.354497287803733796e+00,-5.538420619532010702e-01
-8.502920510310184588e-01,1.075558661230264113e+00,-1.823234077363349581e-01,-8.464342646823770355e-01,1.357481919602477882e+00,-5.551524023447937939e-01
-8.502756994607739705e-01,1.076571104519083999e+00,-1.824748601881306942e-01,-8.487488242444859443e-01,1.360453061094556215e+00,-5.564288352517506864e-01
-8.502607290326480438e-01,1.077594809377178553e+00,-1.826722661379512613e-01,-8.510584979163370312e-01,1.363411192552863804e+00,-5.576726122100931216e-01
-8.502463709252712221e-01,1.078715175912993152e+00,-1.829901869740113984e-01,-8.529072665364064720e-01,1.365508335307353160e+00,-5.587368766286731070e-01
-8.502325433803811228e-01,1.079917640259816514e+00,-1.834278453221800387e-01,-8.543681378668477322e-01,1.366880244104089925e+00,-5.596183254884214975e-01
-8.502191756575376846e-01,1.081189339019080542e+00,-1.839838100446384295e-01,-8.555033563240238559e-01,1.367643019433756324e+00,-5.603153000303168207e-01
-8.502062159725296553e-01,1.082518943201408401e+00,-1.846560712175462082e-01,-8.563660513017706810e-01,1.367896053482836827e+00,-5.608276036961512556e-01
-8.501936365588911304e-01,1.083896519008122006e+00,-1.854421233324502760e-01,-8.570015166996807210e-01,1.367724321420011435e+00,-5.611563049298908812e-01
-8.501814265350207123e-01,1.085313371616706046e+00,-1.863390332595446230e-01,-8.574483151304412853e-01,1.367200370912964313e+00,-5.613035658370202352e-01
-8.501695864126181945e-01,1.086761900506153289e+00,-1.873434991541405858e-01,-8.577392303835049692e-01,1.366386046879082938e+00,-5.612724913729346676e-01
